{
    "root_group": {
        "name": "",
        "path": "",
        "id": "d41d8cd98f00b204e9800998ecf8427e",
        "groups": {},
        "checks": {
                "status was 200": {
                    "passes": 18114,
                    "fails": 4103,
                    "name": "status was 200",
                    "path": "::status was 200",
                    "id": "1461660757a913d4fb82ac4c5e1009de"
                }
            }
    },
    "metrics": {
        "vus": {
            "value": 1,
            "min": 1,
            "max": 1500
        },
        "http_req_connecting": {
            "min": 0,
            "med": 0,
            "max": 18.9586,
            "p(90)": 0,
            "p(95)": 0.9965400000000009,
            "avg": 0.12782565602916682
        },
        "http_req_duration{expected_response:true}": {
            "avg": 6648.331029728349,
            "min": 0.6304,
            "med": 6463.8264,
            "max": 45448.4477,
            "p(90)": 12242.02993,
            "p(95)": 13045.037439999998
        },
        "http_req_blocked": {
            "avg": 0.14057750371337285,
            "min": 0,
            "med": 0,
            "max": 18.9586,
            "p(90)": 0,
            "p(95)": 1.0356600000000007
        },
        "http_req_receiving": {
            "avg": 0.06695351757663075,
            "min": 0,
            "med": 0,
            "max": 3.0313,
            "p(90)": 0,
            "p(95)": 0.6604600000000006
        },
        "http_req_failed": {
            "passes": 4103,
            "fails": 18114,
            "value": 0.1846783994238646
        },
        "data_received": {
            "count": 1666488,
            "rate": 9211.500085432925
        },
        "http_req_duration": {
            "med": 5116.0541,
            "max": 60003.8495,
            "p(90)": 11699.417560000002,
            "p(95)": 12913.509380000001,
            "avg": 5463.7388801638135,
            "min": 0
        },
        "http_req_sending": {
            "max": 5.3303,
            "p(90)": 0,
            "p(95)": 0,
            "avg": 0.023368600621145985,
            "min": 0,
            "med": 0
        },
        "http_req_tls_handshaking": {
            "p(95)": 0,
            "avg": 0,
            "min": 0,
            "med": 0,
            "max": 0,
            "p(90)": 0
        },
        "data_sent": {
            "count": 2838738,
            "rate": 15691.103283985058
        },
        "http_reqs": {
            "count": 22217,
            "rate": 122.80430306012602
        },
        "http_req_waiting": {
            "avg": 5463.648558045604,
            "min": 0,
            "med": 5116.0541,
            "max": 60003.8495,
            "p(90)": 11699.417560000002,
            "p(95)": 12913.4865
        },
        "vus_max": {
            "max": 1500,
            "value": 1500,
            "min": 1500
        },
        "iterations": {
            "count": 22217,
            "rate": 122.80430306012602
        },
        "checks": {
            "passes": 18114,
            "fails": 4103,
            "value": 0.8153216005761353
        },
        "iteration_duration": {
            "avg": 6467.1405380249,
            "min": 1000.0184,
            "med": 6117.0146,
            "max": 61009.3148,
            "p(90)": 12701.113300000003,
            "p(95)": 13917.49228
        }
    }
}